,rank,institution,funding,year
1,1,DUKE UNIVERSITY,30257450,2018
2,2,UNIVERSITY OF PITTSBURGH AT PITTSBURGH,23592415,2018
3,3,UNIVERSITY OF MICHIGAN AT ANN ARBOR,21676571,2018
4,4,WASHINGTON UNIVERSITY,16301070,2018
5,5,"UNIVERSITY OF CALIFORNIA, SAN FRANCISCO",16046269,2018
6,6,OHIO STATE UNIVERSITY,14342745,2018
7,7,EMORY UNIVERSITY,12451189,2018
8,8,UNIVERSITY OF WISCONSIN-MADISON,12338374,2018
9,9,STANFORD UNIVERSITY,11488617,2018
10,10,UNIVERSITY OF CALIFORNIA LOS ANGELES,9932504,2018
11,11,UNIVERSITY OF CALIFORNIA AT DAVIS,9731747,2018
12,12,UNIVERSITY OF MIAMI SCHOOL OF MEDICINE,8756895,2018
13,13,NORTHWESTERN UNIVERSITY AT CHICAGO,7514220,2018
14,14,VANDERBILT UNIVERSITY,7170441,2018
15,15,JOHNS HOPKINS UNIVERSITY,7011546,2018
16,16,UNIVERSITY OF FLORIDA,6653019,2018
17,17,UNIVERSITY OF TEXAS MED BR GALVESTON,6564401,2018
18,18,UNIVERSITY OF KENTUCKY,6469887,2018
19,19,COLUMBIA UNIVERSITY HEALTH SCIENCES,5840631,2018
20,20,UNIVERSITY OF PENNSYLVANIA,5817880,2018
21,21,"UNIVERSITY OF CALIFORNIA, SAN DIEGO",5584272,2018
22,22,UNIVERSITY OF ALABAMA AT BIRMINGHAM,5535649,2018
23,23,CLEVELAND CLINIC LERNER COM-CWRU,5529069,2018
24,24,UNIVERSITY OF MARYLAND BALTIMORE,5361931,2018
25,25,UNIVERSITY OF ROCHESTER,5259376,2018
26,26,UNIVERSITY OF VIRGINIA,4786380,2018
27,27,UNIVERSITY OF CHICAGO,4679582,2018
28,28,UNIVERSITY OF COLORADO DENVER,4449621,2018
29,29,NEW YORK UNIVERSITY SCHOOL OF MEDICINE,3941086,2018
30,30,WAKE FOREST UNIVERSITY HEALTH SCIENCES,3867989,2018
31,31,UNIVERSITY OF NEBRASKA MEDICAL CENTER,3719401,2018
32,32,BAYLOR COLLEGE OF MEDICINE,3632202,2018
33,33,UNIVERSITY OF IOWA,3054308,2018
34,34,UNIVERSITY OF UTAH,2699912,2018
35,35,INDIANA UNIV-PURDUE UNIV AT INDIANAPOLIS,2589725,2018
36,36,UNIVERSITY OF WASHINGTON,2395872,2018
37,37,MEDICAL COLLEGE OF WISCONSIN,2387254,2018
38,38,UNIVERSITY OF SOUTHERN CALIFORNIA,2246758,2018
39,39,UNIVERSITY OF MINNESOTA,2201703,2018
40,40,MEDICAL UNIVERSITY OF SOUTH CAROLINA,1927734,2018
41,41,WEILL MEDICAL COLL OF CORNELL UNIV,1836228,2018
42,42,YALE UNIVERSITY,1771281,2018
43,43,LOYOLA UNIVERSITY CHICAGO,1760832,2018
44,44,UNIV OF NORTH CAROLINA CHAPEL HILL,1708214,2018
45,45,UNIVERSITY OF KANSAS MEDICAL CENTER,1591160,2018
46,46,GEORGE WASHINGTON UNIVERSITY,1583657,2018
47,47,PENNSYLVANIA STATE UNIV HERSHEY MED CTR,1578352,2018
48,48,UNIVERSITY OF CINCINNATI,1525948,2018
49,49,"ALBERT EINSTEIN COLLEGE OF MEDICINE, INC",1487828,2018
50,50,UNIVERSITY OF MISSOURI-COLUMBIA,1484063,2018
51,51,UNIVERSITY OF ILLINOIS AT CHICAGO,1336869,2018
52,52,UT SOUTHWESTERN MEDICAL CENTER,1242306,2018
53,53,RBHS-NEW JERSEY MEDICAL SCHOOL,1224300,2018
54,54,UNIVERSITY OF CALIFORNIA-IRVINE,1212247,2018
55,55,DARTMOUTH COLLEGE,1157631,2018
56,56,UNIVERSITY OF ARIZONA,1143490,2018
57,57,UPSTATE MEDICAL UNIVERSITY,1114454,2018
58,58,EAST TENNESSEE STATE UNIVERSITY,1109181,2018
59,59,UNIVERSITY OF NEW MEXICO HEALTH SCIS CTR,891510,2018
60,60,HARVARD MEDICAL SCHOOL,859654,2018
61,61,SOUTHERN ILLINOIS UNIVERSITY SCH OF MED,846980,2018
62,62,UNIVERSITY OF TEXAS HLTH SCI CTR SAN ANTONIO,802080,2018
63,63,UNIVERSITY OF CONNECTICUT SCH OF MED/DNT,771170,2018
64,64,CASE WESTERN RESERVE UNIVERSITY,758109,2018
65,65,GEORGETOWN UNIVERSITY,723887,2018
66,66,BOSTON UNIVERSITY MEDICAL CAMPUS,603464,2018
67,67,VIRGINIA COMMONWEALTH UNIVERSITY,506565,2018
68,68,UNIVERSITY OF VERMONT & ST AGRIC COLLEGE,476088,2018
69,69,THOMAS JEFFERSON UNIVERSITY,372748,2018
70,70,RBHS-ROBERT WOOD JOHNSON MEDICAL SCHOOL,363713,2018
71,71,STATE UNIVERSITY NEW YORK STONY BROOK,304547,2018
72,72,UNIVERSITY OF MISSISSIPPI MED CTR,249000,2018
73,73,UNIVERSITY OF TENNESSEE HEALTH SCI CTR,247493,2018
74,74,ICAHN SCHOOL OF MEDICINE AT MOUNT SINAI,220490,2018
75,75,UNIVERSITY OF SOUTH FLORIDA,202964,2018
76,76,UNIVERSITY OF SOUTH ALABAMA,189000,2018
77,77,UNIVERSITY OF LOUISVILLE,167475,2018
78,0,,,2018
79,0,GRAND TOTAL,351232673,2018
80,0,,,2018
81,0,MEAN,4561463.285714285,2018
82,0,Revised 19 February 2019,,2018
83,0,MEDIAN,2201703,2018
1,0,DUKE UNIVERSITY,47357541,2023
2,0,WASHINGTON UNIVERSITY ST LOUIS,34198285,2023
3,0,UNIVERSITY OF MICHIGAN ANN ARBOR,28960624,2023
4,0,UNIVERSITY OF MINNESOTA,20604572,2023
5,0,UNIVERSITY OF FLORIDA,18370424,2023
6,0,UNIVERSITY OF PENNSYLVANIA,17861753,2023
7,0,STANFORD UNIVERSITY,17735229,2023
8,0,UNIVERSITY OF PITTSBURGH,17394455,2023
9,0,UNIVERSITY OF CALIFORNIA SAN FRANCISCO,17307614,2023
10,0,NORTHWESTERN UNIVERSITY CHICAGO,15641937,2023
11,0,OHIO STATE UNIVERSITY,15605904,2023
12,0,UNIVERSITY OF WISCONSIN MADISON,14743652,2023
13,0,UNIVERSITY OF COLORADO DENVER,12853999,2023
14,0,COLUMBIA UNIVERSITY HEALTH SCIENCES,12829669,2023
15,0,UNIVERSITY OF CALIFORNIA LOS ANGELES,11268770,2023
16,0,YALE UNIVERSITY,11182082,2023
17,0,JOHNS HOPKINS UNIVERSITY,10778923,2023
18,0,CORNELL UNIVERSITY WEILL MEDICAL COLLEGE,10730506,2023
19,0,UNIVERSITY OF CALIFORNIA SAN DIEGO,10271489,2023
20,0,UNIVERSITY OF ROCHESTER,9909483,2023
21,0,VANDERBILT UNIVERSITY,8642574,2023
22,0,UNIVERSITY OF MARYLAND BALTIMORE,8484077,2023
23,0,NEW YORK UNIVERSITY SCHOOL OF MEDICINE,8243138,2023
24,0,BAYLOR COLLEGE OF MEDICINE,8213523,2023
25,0,UNIVERSITY OF CALIFORNIA DAVIS,8167797,2023
26,0,INDIANA UNIV-PURDUE UNIV INDIANAPOLIS,8020011,2023
27,0,UNIVERSITY OF ALABAMA BIRMINGHAM,7960003,2023
28,0,EMORY UNIVERSITY,7462831,2023
29,0,UNIVERSITY OF TEXAS SOUTHWESTERN DALLAS,6849551,2023
30,0,"RUTGERS, THE STATE UNIVERSITY OF NEW JERSEY",6243307,2023
31,0,UNIVERSITY OF MIAMI SCHOOL OF MEDICINE,6084814,2023
32,0,UNIVERSITY OF VIRGINIA,5954875,2023
33,0,UNIVERSITY OF LOUISVILLE,5702379,2023
34,0,UNIVERSITY OF KENTUCKY,5467990,2023
35,0,MEDICAL UNIVERSITY OF SOUTH CAROLINA,5333545,2023
36,0,UNIVERSITY OF ARIZONA,4965150,2023
37,0,UNIVERSITY OF SOUTHERN CALIFORNIA,4870793,2023
38,0,UNIVERSITY OF NORTH CAROLINA CHAPEL HILL,4857057,2023
39,0,PENNSYLVANIA STATE UNIV MED CTR HERSHEY,4765505,2023
40,0,UNIVERSITY OF UTAH,4494329,2023
41,0,UNIVERSITY OF CHICAGO,4082139,2023
42,0,UNIVERSITY OF NEBRASKA MEDICAL CENTER,3386453,2023
43,0,VIRGINIA COMMONWEALTH UNIVERSITY,3372710,2023
44,0,CASE WESTERN RESERVE UNIV/CLEVELAND CLINIC LERNER COM,3226307,2023
45,0,WAKE FOREST UNIVERSITY HLTH SCIS,3212048,2023
46,0,MEDICAL COLLEGE OF WISCONSIN,3103575,2023
47,0,UNIVERSITY OF CALIFORNIA IRVINE,3080200,2023
48,0,UNIVERSITY OF MISSOURI COLUMBIA,2924278,2023
49,0,UNIVERSITY OF WASHINGTON SEATTLE,2674784,2023
50,0,UNIVERSITY OF SOUTH FLORIDA,2202693,2023
51,0,UNIVERSITY OF OKLAHOMA HLTH SCIS CTR,1992729,2023
52,0,UNIVERSITY OF TEXAS HLTH SCI CTR HOUSTON,1889826,2023
53,0,EAST TENNESSEE STATE UNIVERSITY,1661585,2023
54,0,LOYOLA UNIVERSITY CHICAGO,1618708,2023
55,0,UNIVERSITY OF VERMONT,1569451,2023
56,0,BOSTON UNIVERSITY MEDICAL CAMPUS,1293527,2023
57,0,UNIVERSITY OF TEXAS MED BR GALVESTON,1012928,2023
58,0,UNIVERSITY OF CONNECTICUT SCH OF MED/DNT,986855,2023
59,0,UNIVERSITY OF ILLINOIS CHICAGO,971318,2023
60,0,OREGON HEALTH & SCIENCE UNIVERSITY,789120,2023
61,0,UNIVERSITY OF IOWA,678593,2023
62,0,STATE UNIVERSITY OF NEW YORK BUFFALO,644828,2023
63,0,BROWN UNIVERSITY,607476,2023
64,0,HARVARD MEDICAL SCHOOL,555950,2023
65,0,TULANE UNIVERSITY OF LOUISIANA,529610,2023
66,0,UNIVERSITY OF CINCINNATI,523215,2023
67,0,UNIVERSITY OF NEVADA RENO,476374,2023
68,0,ALBANY MEDICAL COLLEGE,466249,2023
69,0,THOMAS JEFFERSON UNIVERSITY,446321,2023
70,0,UNIVERSITY OF NEW MEXICO HLTH SCIS CTR,378750,2023
71,0,GEORGETOWN UNIVERSITY,353959,2023
72,0,ALBERT EINSTEIN COLLEGE OF MEDICINE,307014,2023
73,0,UNIVERSITY OF MISSISSIPPI MED CTR,268394,2023
74,0,TEMPLE UNIVERSITY,220778,2023
75,0,SUNY UPSTATE MEDICAL CENTER,203750,2023
76,0,UNIVERSITY OF MASSACHUSETTS MED SCH WORCESTER,163058,2023
77,0,UNIVERSITY OF SOUTH ALABAMA,161950,2023
78,0,,,2023
79,0,GRAND TOTAL,538427663,2023
80,0,,,2023
81,0,MEAN,6992567.051948052,2023
82,0,Created 5 February 2024 revised 7 February 2024,,2023
83,0,MEDIAN,4765505,2023
1,0,UNIVERSITY OF MICHIGAN AT ANN ARBOR,26145958,2019
2,0,UNIVERSITY OF PITTSBURGH AT PITTSBURGH,21588318,2019
3,0,DUKE UNIVERSITY,20474161,2019
4,0,WASHINGTON UNIVERSITY,19057632,2019
5,0,OHIO STATE UNIVERSITY,15541916,2019
6,0,EMORY UNIVERSITY,13764735,2019
7,0,COLUMBIA UNIVERSITY HEALTH SCIENCES,13233433,2019
8,0,UNIVERSITY OF WISCONSIN-MADISON,13133940,2019
9,0,"UNIVERSITY OF CALIFORNIA, SAN FRANCISCO",12832005,2019
10,0,NORTHWESTERN UNIVERSITY AT CHICAGO,11847594,2019
11,0,UNIVERSITY OF MIAMI SCHOOL OF MEDICINE,10460575,2019
12,0,STANFORD UNIVERSITY,9996583,2019
13,0,UNIVERSITY OF CALIFORNIA AT DAVIS,9917168,2019
14,0,JOHNS HOPKINS UNIVERSITY,9815724,2019
15,0,UNIVERSITY OF PENNSYLVANIA,9054183,2019
16,0,VANDERBILT UNIVERSITY,8910053,2019
17,0,UNIVERSITY OF ROCHESTER,8423760,2019
18,0,UNIVERSITY OF MARYLAND BALTIMORE,8052916,2019
19,0,UNIVERSITY OF CALIFORNIA LOS ANGELES,7254281,2019
20,0,UNIVERSITY OF COLORADO DENVER,6828716,2019
21,0,UNIVERSITY OF KENTUCKY,6668351,2019
22,0,UNIVERSITY OF ALABAMA AT BIRMINGHAM,6279195,2019
23,0,CASE WESTERN RESERVE UNIV/CLEVELAND CLINIC LERNER COM,6235931,2019
24,0,UNIVERSITY OF VIRGINIA,5949101,2019
25,0,UNIVERSITY OF TEXAS HLTH SCI CTR HOUSTON,5857801,2019
26,0,UNIVERSITY OF UTAH,5308229,2019
27,0,UNIVERSITY OF NEBRASKA MEDICAL CENTER,5046138,2019
28,0,"UNIVERSITY OF CALIFORNIA, SAN DIEGO",4789801,2019
29,0,UNIVERSITY OF CHICAGO,4664733,2019
30,0,UNIVERSITY OF MISSOURI-COLUMBIA,4281341,2019
31,0,UNIVERSITY OF FLORIDA,4164792,2019
32,0,UNIV OF NORTH CAROLINA CHAPEL HILL,4093767,2019
33,0,NEW YORK UNIVERSITY SCHOOL OF MEDICINE,4042679,2019
34,0,WAKE FOREST UNIVERSITY HEALTH SCIENCES,3819525,2019
35,0,MEDICAL UNIVERSITY OF SOUTH CAROLINA,3724483,2019
36,0,YALE UNIVERSITY,3645187,2019
37,0,UNIVERSITY OF MINNESOTA,3578779,2019
38,0,INDIANA UNIV-PURDUE UNIV AT INDIANAPOLIS,3444361,2019
39,0,UNIVERSITY OF IOWA,3236213,2019
40,0,WEILL MEDICAL COLL OF CORNELL UNIV,3165419,2019
41,0,BAYLOR COLLEGE OF MEDICINE,3123436,2019
42,0,UNIVERSITY OF SOUTHERN CALIFORNIA,2768635,2019
43,0,UNIVERSITY OF TEXAS SOUTHWESTERN DALLAS,2358718,2019
44,0,UNIVERSITY OF WASHINGTON,2339905,2019
45,0,LOYOLA UNIVERSITY CHICAGO,1842324,2019
46,0,UNIVERSITY OF TEXAS MED BR GALVESTON,1755262,2019
47,0,EAST TENNESSEE STATE UNIVERSITY,1688645,2019
48,0,ALBERT EINSTEIN COLLEGE OF MEDICINE,1611928,2019
49,0,UNIVERSITY OF ILLINOIS AT CHICAGO,1596832,2019
50,0,UNIVERSITY OF TENNESSEE HEALTH SCI CTR,1584139,2019
51,0,PENNSYLVANIA STATE UNIV HERSHEY MED CTR,1514979,2019
52,0,GEORGE WASHINGTON UNIVERSITY,1510145,2019
53,0,UNIVERSITY OF CINCINNATI,1339127,2019
54,0,MEDICAL COLLEGE OF WISCONSIN,1272789,2019
55,0,UNIVERSITY OF ARIZONA,1164510,2019
56,0,UNIVERSITY OF VERMONT & ST AGRIC COLLEGE,1150289,2019
57,0,UPSTATE MEDICAL UNIVERSITY,1087411,2019
58,0,UNIVERSITY OF CONNECTICUT SCH OF MED/DNT,978259,2019
59,0,ALBANY MEDICAL COLLEGE,885153,2019
60,0,UNIVERSITY OF NEW MEXICO HEALTH SCIS CTR,878864,2019
61,0,HARVARD MEDICAL SCHOOL,845525,2019
62,0,UNIVERSITY OF TEXAS HLTH SCI CTR SAN ANTONIO,758859,2019
63,0,GEORGETOWN UNIVERSITY,685012,2019
64,0,UNIVERSITY OF SOUTH FLORIDA,643258,2019
65,0,RUTGERS BIOMEDICAL AND HEALTH SCIENCES,583925,2019
66,0,SOUTHERN ILLINOIS UNIVERSITY SCH OF MED,556933,2019
67,0,UNIVERSITY OF CALIFORNIA-IRVINE,531907,2019
68,0,BOSTON UNIVERSITY MEDICAL CAMPUS,428383,2019
69,0,STATE UNIVERSITY NEW YORK STONY BROOK,399547,2019
70,0,THOMAS JEFFERSON UNIVERSITY,374389,2019
71,0,UNIVERSITY OF KANSAS MEDICAL CENTER,373069,2019
72,0,VIRGINIA COMMONWEALTH UNIVERSITY,337479,2019
73,0,UNIVERSITY OF MISSISSIPPI MED CTR,249000,2019
74,0,UNIVERSITY OF SOUTH ALABAMA,189000,2019
75,0,TEXAS TECH UNIVERSITY HEALTH SCIS CENTER,157734,2019
76,0,,,2019
77,0,GRAND TOTAL,387894847,2019
78,0,,,2019
79,0,MEAN,5171931.293333333,2019
80,0,Created 3 February 2020; revised 15 Feb 2020.,,2019
81,0,MEDIAN,3444361,2019
1,0,DUKE UNIVERSITY,44987067,2022
2,0,UNIVERSITY OF MICHIGAN ANN ARBOR,28593123,2022
3,0,WASHINGTON UNIVERSITY ST LOUIS,28448607,2022
4,0,UNIVERSITY OF FLORIDA,21073685,2022
5,0,UNIVERSITY OF PENNSYLVANIA,21002526,2022
6,0,UNIVERSITY OF PITTSBURGH,17889737,2022
7,0,UNIVERSITY OF WISCONSIN MADISON,17610781,2022
8,0,OHIO STATE UNIVERSITY,17225409,2022
9,0,COLUMBIA UNIVERSITY HEALTH SCIENCES,16059288,2022
10,0,UNIVERSITY OF ALABAMA BIRMINGHAM,13728161,2022
11,0,STANFORD UNIVERSITY,12408668,2022
12,0,NORTHWESTERN UNIVERSITY CHICAGO,11864355,2022
13,0,UNIVERSITY OF MINNESOTA,11817446,2022
14,0,JOHNS HOPKINS UNIVERSITY,11667474,2022
15,0,UNIVERSITY OF COLORADO DENVER,11507842,2022
16,0,UNIVERSITY OF CALIFORNIA LOS ANGELES,11251393,2022
17,0,UNIVERSITY OF CALIFORNIA SAN FRANCISCO,10878001,2022
18,0,UNIVERSITY OF ROCHESTER,9451273,2022
19,0,EMORY UNIVERSITY,9411295,2022
20,0,UNIVERSITY OF MIAMI SCHOOL OF MEDICINE,9367680,2022
21,0,UNIVERSITY OF MARYLAND BALTIMORE,9090450,2022
22,0,VANDERBILT UNIVERSITY,8258063,2022
23,0,UNIVERSITY OF UTAH,8245306,2022
24,0,UNIVERSITY OF CALIFORNIA SAN DIEGO,8134037,2022
25,0,UNIVERSITY OF CHICAGO,7543361,2022
26,0,CORNELL UNIVERSITY WEILL MEDICAL COLLEGE,7450111,2022
27,0,UNIVERSITY OF CALIFORNIA DAVIS,7343475,2022
28,0,NEW YORK UNIVERSITY SCHOOL OF MEDICINE,7007581,2022
29,0,INDIANA UNIV-PURDUE UNIV INDIANAPOLIS,7005922,2022
30,0,UNIVERSITY OF VIRGINIA,6484885,2022
31,0,"RUTGERS, THE STATE UNIVERSITY OF NEW JERSEY",5984708,2022
32,0,UNIVERSITY OF NORTH CAROLINA CHAPEL HILL,5533212,2022
33,0,UNIVERSITY OF TEXAS SOUTHWESTERN DALLAS,5120426,2022
34,0,BAYLOR COLLEGE OF MEDICINE,4876869,2022
35,0,UNIVERSITY OF LOUISVILLE,4598099,2022
36,0,UNIVERSITY OF KENTUCKY,4548529,2022
37,0,CASE WESTERN RESERVE U/CLEVELAND CLINIC LERNER COM,4522745,2022
38,0,YALE UNIVERSITY,3959242,2022
39,0,UNIVERSITY OF NEBRASKA MEDICAL CENTER,3648840,2022
40,0,PENNSYLVANIA STATE UNIV MED CTR HERSHEY,3429434,2022
41,0,UNIVERSITY OF SOUTHERN CALIFORNIA,3405162,2022
42,0,MEDICAL UNIVERSITY OF SOUTH CAROLINA,3167729,2022
43,0,MEDICAL COLLEGE OF WISCONSIN,3082337,2022
44,0,UNIVERSITY OF MISSOURI COLUMBIA,2883577,2022
45,0,UNIVERSITY OF ARIZONA,2863973,2022
46,0,UNIVERSITY OF WASHINGTON SEATTLE,2647732,2022
47,0,UNIVERSITY OF IOWA,2590525,2022
48,0,UNIVERSITY OF SOUTH FLORIDA,2101967,2022
49,0,UNIVERSITY OF CALIFORNIA IRVINE,1875096,2022
50,0,WAKE FOREST UNIVERSITY HLTH SCIS,1825866,2022
51,0,EAST TENNESSEE STATE UNIVERSITY,1609186,2022
52,0,HARVARD MEDICAL SCHOOL,1608166,2022
53,0,UNIVERSITY OF CINCINNATI,1383239,2022
54,0,VIRGINIA COMMONWEALTH UNIVERSITY,1313303,2022
55,0,UNIVERSITY OF VERMONT,1131773,2022
56,0,LOYOLA UNIVERSITY CHICAGO,1080472,2022
57,0,UNIVERSITY OF TEXAS HLTH SCI CTR HOUSTON,1070099,2022
58,0,BOSTON UNIVERSITY MEDICAL CAMPUS,916387,2022
59,0,UNIVERSITY OF CONNECTICUT SCH OF MED/DNT,882617,2022
60,0,UNIVERSITY OF NEW MEXICO HLTH SCIS CTR,834757,2022
61,0,GEORGE WASHINGTON UNIVERSITY,752803,2022
62,0,AUGUSTA UNIVERSITY,673667,2022
63,0,STATE UNIVERSITY OF NEW YORK BUFFALO,644828,2022
64,0,UNIVERSITY OF NEVADA RENO,612680,2022
65,0,TULANE UNIVERSITY OF LOUISIANA,595206,2022
66,0,LOUISIANA STATE UNIV HSC NEW ORLEANS,540119,2022
67,0,ALBANY MEDICAL COLLEGE,461586,2022
68,0,OREGON HEALTH & SCIENCE UNIVERSITY,456464,2022
69,0,UNIVERSITY OF ILLINOIS CHICAGO,403577,2022
70,0,UNIVERSITY OF OKLAHOMA HLTH SCIS CTR,362500,2022
71,0,GEORGETOWN UNIVERSITY,353959,2022
72,0,UNIVERSITY OF TENNESSEE HLTH SCI CTR,346500,2022
73,0,UNIVERSITY OF TEXAS MED BR GALVESTON,341416,2022
74,0,UNIVERSITY OF MISSISSIPPI MED CTR,268394,2022
75,0,SUNY UPSTATE MEDICAL CENTER,244500,2022
76,0,UNIVERSITY OF MASSACHUSETTS WORCESTER,164559,2022
77,0,,,2022
78,0,GRAND TOTAL,504525827,2022
79,0,,,2022
80,0,MEAN,6638497.72368421,2022
81,0,Created 6 February 2023.,,2022
82,0,MEDIAN,3804041,2022
1,0,DUKE UNIVERSITY,30913358,2021
2,0,WASHINGTON UNIVERSITY ST LOUIS,25592903,2021
3,0,UNIVERSITY OF MICHIGAN,25578813,2021
4,0,UNIVERSITY OF PENNSYLVANIA,18325921,2021
5,0,UNIVERSITY OF PITTSBURGH,15962564,2021
6,0,OHIO STATE UNIVERSITY,15259477,2021
7,0,COLUMBIA UNIVERSITY HEALTH SCIENCES,14568462,2021
8,0,UNIVERSITY OF WISCONSIN MADISON,14243653,2021
9,0,UNIVERSITY OF MARYLAND BALTIMORE,13629398,2021
10,0,STANFORD UNIVERSITY,12831923,2021
11,0,UNIVERSITY OF CALIFORNIA SAN FRANCISCO,12785866,2021
12,0,EMORY UNIVERSITY,11606366,2021
13,0,NORTHWESTERN UNIVERSITY CHICAGO,11548187,2021
14,0,JOHNS HOPKINS UNIVERSITY,10974171,2021
15,0,UNIVERSITY OF ROCHESTER,10398611,2021
16,0,UNIVERSITY OF MIAMI SCHOOL OF MEDICINE,9210119,2021
17,0,UNIVERSITY OF CALIFORNIA LOS ANGELES,8943735,2021
18,0,UNIVERSITY OF ALABAMA BIRMINGHAM,8700403,2021
19,0,UNIVERSITY OF CALIFORNIA SAN DIEGO,8433854,2021
20,0,UNIVERSITY OF UTAH,8214783,2021
21,0,UNIVERSITY OF CALIFORNIA DAVIS,8188140,2021
22,0,UNIVERSITY OF FLORIDA,8083308,2021
23,0,VANDERBILT UNIVERSITY,7963712,2021
24,0,UNIVERSITY OF CHICAGO,7835013,2021
25,0,UNIVERSITY OF COLORADO DENVER,7708735,2021
26,0,WEILL MEDICAL COLLEGE OF CORNELL UNIVERSITY,7535477,2021
27,0,INDIANA UNIV-PURDUE UNIV INDIANAPOLIS,7521310,2021
28,0,UNIVERSITY OF MINNESOTA,6471354,2021
29,0,"RUTGERS, THE STATE UNIVERSITY OF NEW JERSEY",6000203,2021
30,0,UNIVERSITY OF TEXAS SOUTHWESTERN DALLAS,5481477,2021
31,0,NEW YORK UNIVERSITY SCHOOL OF MEDICINE,5287766,2021
32,0,UNIVERSITY OF KENTUCKY,5133229,2021
33,0,BAYLOR COLLEGE OF MEDICINE,4818376,2021
34,0,UNIVERSITY OF VIRGINIA,4567964,2021
35,0,PENNSYLVANIA STATE UNIV HERSHEY MED CTR,4369978,2021
36,0,CASE WESTERN RESERVE UNIV/CLEVELAND CLINIC LERNER,4313281,2021
37,0,MEDICAL UNIVERSITY OF SOUTH CAROLINA,3883331,2021
38,0,YALE UNIVERSITY,3661242,2021
39,0,UNIVERSITY OF SOUTHERN CALIFORNIA,3410384,2021
40,0,UNIVERSITY OF NORTH CAROLINA CHAPEL HILL,3194155,2021
41,0,VIRGINIA COMMONWEALTH UNIVERSITY,3084129,2021
42,0,WAKE FOREST UNIVERSITY HEALTH SCIENCES,3068283,2021
43,0,UNIVERSITY OF NEBRASKA MEDICAL CENTER,3062576,2021
44,0,UNIVERSITY OF MISSOURI COLUMBIA,3010510,2021
45,0,MEDICAL COLLEGE OF WISCONSIN,2721933,2021
46,0,UNIVERSITY OF ARIZONA,2549118,2021
47,0,UNIVERSITY OF IOWA,2532836,2021
48,0,EAST TENNESSEE STATE UNIVERSITY,2255929,2021
49,0,ALBERT EINSTEIN COLLEGE OF MEDICINE,2242775,2021
50,0,UNIVERSITY OF TEXAS HLTH SCI CTR HOUSTON,2137795,2021
51,0,HARVARD MEDICAL SCHOOL,2058926,2021
52,0,UNIVERSITY OF ILLINOIS CHICAGO,2055951,2021
53,0,LOYOLA UNIVERSITY CHICAGO,1867083,2021
54,0,UNIVERSITY OF VERMONT,1609364,2021
55,0,UNIVERSITY OF CINCINNATI,1565076,2021
56,0,UNIVERSITY OF SOUTH FLORIDA,1544940,2021
57,0,UNIVERSITY OF WASHINGTON,1526224,2021
58,0,UNIVERSITY OF NEW MEXICO HEALTH SCIENCES CTR,1511405,2021
59,0,UNIVERSITY OF OKLAHOMA HLTH SCIENCES CTR,1070532,2021
60,0,UNIVERSITY OF CONNECTICUT SCH OF MED/DNT,910146,2021
61,0,UNIVERSITY OF CALIFORNIA IRVINE,907901,2021
62,0,BOSTON UNIVERSITY MEDICAL CAMPUS,807796,2021
63,0,GEORGE WASHINGTON UNIVERSITY,801834,2021
64,0,UNIVERSITY OF TEXAS HLTH SCI CTR SAN ANTONIO,750022,2021
65,0,AUGUSTA UNIVERSITY,673667,2021
66,0,STATE UNIVERSITY OF NEW YORK BUFFALO,645880,2021
67,0,OREGON HEALTH & SCIENCE UNIVERSITY,601332,2021
68,0,UNIVERSITY OF TEXAS MED BR GALVESTON,540543,2021
69,0,UNIVERSITY OF NEVADA RENO,506528,2021
70,0,GEORGETOWN UNIVERSITY,479946,2021
71,0,ALBANY MEDICAL COLLEGE,452260,2021
72,0,UNIVERSITY OF TENNESSEE HEALTH SCI CTR,346500,2021
73,0,LOUISIANA STATE UNIV HSC NEW ORLEANS,326607,2021
74,0,UNIVERSITY OF LOUISVILLE,234125,2021
75,0,UNIVERSITY OF MASSACHUSETTS MED SCH WORCESTER,209375,2021
76,0,UNIVERSITY OF MISSISSIPPI MED CTR,162000,2021
77,0,,,2021
78,0,GRAND TOTAL,453982849,2021
79,0,,,2021
80,0,MEAN,5973458.5394736845,2021
81,0,Created 8 February 2022.,,2021
82,0,MEDIAN,3535813,2021
1,0,UNIVERSITY OF MICHIGAN ANN ARBOR,25604626,2020
2,0,WASHINGTON UNIVERSITY ST LOUIS,24824383,2020
3,0,DUKE UNIVERSITY,23284818,2020
4,0,OHIO STATE UNIVERSITY,20979772,2020
5,0,UNIVERSITY OF PITTSBURGH,19988802,2020
6,0,UNIVERSITY OF TEXAS HLTH SCI CTR HOUSTON,15019508,2020
7,0,UNIVERSITY OF PENNSYLVANIA,14557518,2020
8,0,STANFORD UNIVERSITY,14392052,2020
9,0,UNIVERSITY OF COLORADO DENVER,14063870,2020
10,0,EMORY UNIVERSITY,13833562,2020
11,0,UNIVERSITY OF WISCONSIN MADISON,12542330,2020
12,0,UNIVERSITY OF MARYLAND BALTIMORE,12328770,2020
13,0,COLUMBIA UNIVERSITY HEALTH SCIENCES,12293441,2020
14,0,UNIVERSITY OF CALIFORNIA DAVIS,12197032,2020
15,0,JOHNS HOPKINS UNIVERSITY,11466497,2020
16,0,UNIVERSITY OF ROCHESTER,11310825,2020
17,0,UNIVERSITY OF CALIFORNIA SAN FRANCISCO,11114745,2020
18,0,UNIVERSITY OF MIAMI SCHOOL OF MEDICINE,9580888,2020
19,0,NORTHWESTERN UNIVERSITY CHICAGO,9387682,2020
20,0,UNIVERSITY OF CALIFORNIA LOS ANGELES,9172848,2020
21,0,UNIVERSITY OF ALABAMA BIRMINGHAM,6959061,2020
22,0,UNIVERSITY OF UTAH,6941202,2020
23,0,VANDERBILT UNIVERSITY,6659818,2020
24,0,UNIVERSITY OF CHICAGO,6632148,2020
25,0,WEILL MEDICAL COLLEGE OF CORNELL UNIVERSITY,6523472,2020
26,0,CASE WESTERN RESERVE UNIV/CLEVELAND CLINIC LERNER,6344047,2020
27,0,UNIVERSITY OF KENTUCKY,6083617,2020
28,0,UNIVERSITY OF CALIFORNIA SAN DIEGO,5993277,2020
29,0,UNIVERSITY OF FLORIDA,5991842,2020
30,0,INDIANA UNIV-PURDUE UNIV INDIANAPOLIS,5554839,2020
31,0,NEW YORK UNIVERSITY SCHOOL OF MEDICINE,5293730,2020
32,0,UNIVERSITY OF MINNESOTA,5105893,2020
33,0,MEDICAL UNIVERSITY OF SOUTH CAROLINA,4168533,2020
34,0,UNIVERSITY OF VIRGINIA,3821710,2020
35,0,YALE UNIVERSITY,3687578,2020
36,0,BAYLOR COLLEGE OF MEDICINE,3673146,2020
37,0,UNIVERSITY OF NEBRASKA MEDICAL CENTER,3595392,2020
38,0,UNIVERSITY OF NORTH CAROLINA CHAPEL HILL,3417562,2020
39,0,UNIVERSITY OF SOUTHERN CALIFORNIA,3097680,2020
40,0,UNIVERSITY OF IOWA,2946558,2020
41,0,PENNSYLVANIA STATE UNIV HERSHEY MED CTR,2842797,2020
42,0,LOYOLA UNIVERSITY CHICAGO,2565242,2020
43,0,UNIVERSITY OF ILLINOIS CHICAGO,2354653,2020
44,0,HARVARD MEDICAL SCHOOL,2325284,2020
45,0,UNIVERSITY OF MISSOURI COLUMBIA,2169074,2020
46,0,UNIVERSITY OF WASHINGTON,1894136,2020
47,0,UNIVERSITY OF VERMONT,1882966,2020
48,0,EAST TENNESSEE STATE UNIVERSITY,1762285,2020
49,0,UNIVERSITY OF TEXAS SOUTHWESTERN DALLAS,1708682,2020
50,0,WAKE FOREST UNIVERSITY HEALTH SCIENCES,1671109,2020
51,0,UNIVERSITY OF NEW MEXICO HEALTH SCIENCES CTR,1629373,2020
52,0,UNIVERSITY OF CINCINNATI,1554996,2020
53,0,GEORGE WASHINGTON UNIVERSITY,1537124,2020
54,0,UNIVERSITY OF ARIZONA,1505045,2020
55,0,ALBERT EINSTEIN COLLEGE OF MEDICINE,1412789,2020
56,0,UNIVERSITY OF SOUTH FLORIDA,1390398,2020
57,0,UNIVERSITY OF CALIFORNIA IRVINE,1324188,2020
58,0,UNIVERSITY OF CONNECTICUT SCH OF MED/DNT,1104195,2020
59,0,"RUTGERS, THE STATE UNIVERSITY OF NEW JERSEY",1037213,2020
60,0,ALBANY MEDICAL COLLEGE,941602,2020
61,0,UNIVERSITY OF TEXAS HLTH SCI CTR SAN ANTONIO,754897,2020
62,0,UNIVERSITY OF TEXAS MED BR GALVESTON,733101,2020
63,0,UNIVERSITY OF OKLAHOMA HLTH SCIENCES CTR,716026,2020
64,0,AUGUSTA UNIVERSITY,649402,2020
65,0,MEDICAL COLLEGE OF WISCONSIN,620708,2020
66,0,BOSTON UNIVERSITY MEDICAL CAMPUS,550317,2020
67,0,GEORGETOWN UNIVERSITY,479946,2020
68,0,THOMAS JEFFERSON UNIVERSITY,426326,2020
69,0,UPSTATE MEDICAL UNIVERSITY,399204,2020
70,0,UNIVERSITY OF NEVADA RENO,366000,2020
71,0,UNIVERSITY OF TENNESSEE HEALTH SCI CTR,346500,2020
72,0,LOUISIANA STATE UNIV HSC NEW ORLEANS,336848,2020
73,0,STATE UNIVERSITY OF NEW YORK STONY BROOK,304547,2020
74,0,UNIV OF MASSACHUSETTS MED SCH WORCESTER,251250,2020
75,0,UNIVERSITY OF KANSAS MEDICAL CENTER,249000,2020
76,0,UNIVERSITY OF MISSISSIPPI MED CTR,162000,2020
77,0,TEXAS TECH UNIVERSITY HEALTH SCIENCES CENTER,127878,2020
78,0,,,2020
79,0,GRAND TOTAL,442522175,2020
80,0,,,2020
81,0,MEAN,5747041.233766234,2020
82,0,Created 7 February 2021.,,2020
83,0,MEDIAN,3097680,2020
1,0,UNIVERSITY OF PENNSYLVANIA,19621244,2016
2,0,WASHINGTON UNIVERSITY,19280840,2016
3,0,DUKE UNIVERSITY,16546762,2016
4,0,UNIVERSITY OF MICHIGAN,16531254,2016
5,0,UNIVERSITY OF PITTSBURGH AT PITTSBURGH,15586617,2016
6,0,"UNIVERSITY OF CALIFORNIA, SAN FRANCISCO",14299884,2016
7,0,UNIVERSITY OF WISCONSIN-MADISON,11436767,2016
8,0,VANDERBILT UNIVERSITY,10697022,2016
9,0,EMORY UNIVERSITY,10481924,2016
10,0,NORTHWESTERN UNIVERSITY AT CHICAGO,7401582,2016
11,0,UNIVERSITY OF CALIFORNIA LOS ANGELES,7018709,2016
12,0,JOHNS HOPKINS UNIVERSITY,6737979,2016
13,0,STANFORD UNIVERSITY,6523729,2016
14,0,UNIVERSITY OF CALIFORNIA AT DAVIS,6432568,2016
15,0,OHIO STATE UNIVERSITY,6279394,2016
16,0,UNIVERSITY OF CALIFORNIA SAN DIEGO,6137920,2016
17,0,UNIVERSITY OF ROCHESTER,5166771,2016
18,0,UNIVERSITY OF MINNESOTA,4672949,2016
19,0,UNIVERSITY OF FLORIDA,4497991,2016
20,0,UNIVERSITY OF MARYLAND BALTIMORE,4405093,2016
21,0,UNIVERSITY OF CHICAGO,4382627,2016
22,0,UNIVERSITY OF VIRGINIA,4300970,2016
23,0,UNIVERSITY OF TEXAS MEDICAL BR GALVESTON,4163616,2016
24,0,UNIVERSITY OF KENTUCKY,4140021,2016
25,0,COLUMBIA UNIVERSITY HEALTH SCIENCES,3548664,2016
26,0,WEILL MEDICAL COLL OF CORNELL UNIV,3495958,2016
27,0,UNIVERSITY OF MIAMI SCHOOL OF MEDICINE,3492929,2016
28,0,CLEVELAND CLINIC LERNER COM-CWRU,3470292,2016
29,0,LOYOLA UNIVERSITY CHICAGO,3258208,2016
30,0,UNIVERSITY OF COLORADO DENVER,3239043,2016
31,0,MEDICAL COLLEGE OF WISCONSIN,3078096,2016
32,0,UNIVERSITY OF UTAH,2962262,2016
33,0,UNIVERSITY OF NEBRASKA MEDICAL CENTER,2916921,2016
34,0,BAYLOR COLLEGE OF MEDICINE,2886398,2016
35,0,RBHS-NEW JERSEY MEDICAL SCHOOL,2689666,2016
36,0,UNIVERSITY OF CALIFORNIA-IRVINE,2393777,2016
37,0,NEW YORK UNIVERSITY SCHOOL OF MEDICINE,2252237,2016
38,0,UNIV OF NORTH CAROLINA CHAPEL HILL,2010603,2016
39,0,UNIVERSITY OF SOUTHERN CALIFORNIA,1988935,2016
40,0,RUSH UNIVERSITY MEDICAL CENTER,1818283,2016
41,0,UNIVERSITY OF ARIZONA,1671241,2016
42,0,MEDICAL UNIVERSITY OF SOUTH CAROLINA,1567710,2016
43,0,UNIVERSITY OF KANSAS MEDICAL CENTER,1553415,2016
44,0,WAKE FOREST UNIVERSITY HEALTH SCIENCES,1532674,2016
45,0,INDIANA UNIV-PURDUE UNIV AT INDIANAPOLIS,1491961,2016
46,0,UNIVERSITY OF MISSOURI-COLUMBIA,1380166,2016
47,0,EAST TENNESSEE STATE UNIVERSITY,1366620,2016
48,0,UNIVERSITY OF IOWA,1277631,2016
49,0,UNIVERSITY OF WASHINGTON,1262094,2016
50,0,RBHS-ROBERT WOOD JOHNSON MEDICAL SCHOOL,1255053,2016
51,0,UNIVERSITY OF CINCINNATI,1233499,2016
52,0,ALBERT EINSTEIN COLLEGE OF MEDICINE,1136691,2016
53,0,YALE UNIVERSITY,1098169,2016
54,0,TEXAS A&M UNIVERSITY HEALTH SCIENCE CTR,1026143,2016
55,0,UNIVERSITY OF ALABAMA AT BIRMINGHAM,996895,2016
56,0,UT SOUTHWESTERN MEDICAL CENTER,980036,2016
57,0,CASE WESTERN RESERVE UNIVERSITY,936644,2016
58,0,SOUTHERN ILLINOIS UNIVERSITY SCH OF MED,884420,2016
59,0,PENNSYLVANIA STATE UNIV HERSHEY MED CTR,797367,2016
60,0,UNIVERSITY OF TEXAS HLTH SCI CTR HOUSTON,741251,2016
61,0,UNIVERSITY OF ILLINOIS AT CHICAGO,652003,2016
62,0,VIRGINIA COMMONWEALTH UNIVERSITY,646645,2016
63,0,UNIVERSITY OF CONNECTICUT SCH OF MED/DNT,616137,2016
64,0,HARVARD MEDICAL SCHOOL,584858,2016
65,0,DARTMOUTH COLLEGE,496287,2016
66,0,UNIV OF MASSACHUSETTS MED SCH WORCESTER,418750,2016
67,0,UPSTATE MEDICAL UNIVERSITY,384750,2016
68,0,UNIVERSITY OF TENNESSEE HEALTH SCI CTR,380528,2016
69,0,UNIVERSITY OF NEW MEXICO HEALTH SCIS CTR,378438,2016
70,0,UNIVERSITY OF SOUTH FLORIDA,373750,2016
71,0,BOSTON UNIVERSITY MEDICAL CAMPUS,353922,2016
72,0,GEORGE WASHINGTON UNIVERSITY,285300,2016
73,0,ICAHN SCHOOL OF MEDICINE AT MOUNT SINAI,246691,2016
74,0,UNIVERSITY OF VERMONT & ST AGRIC COLLEGE,192500,2016
75,0,UNIVERSITY OF SOUTH ALABAMA,189000,2016
76,0,THOMAS JEFFERSON UNIVERSITY,169650,2016
77,0,,,2016
78,0,GRAND TOTAL,292805394,2016
79,0,,,2016
80,0,MEAN,3852702.552631579,2016
81,0,"Created 14 January 2017, updated 3 April 2017",,2016
82,0,MEDIAN,1999769,2016
